slot,category,primary,backup,target_items
1,professional_office,r/Accounting,r/AccountingDepartment,120
2,professional_office,r/Bookkeeping,r/FPandA,120
3,hospitality,r/restaurantowners,r/Chefit,120
4,hospitality,r/airbnb_hosts,r/KitchenConfidential,120
5,property,r/PropertyManagement,r/HOAManagement,120
6,field_services,r/HVAC,r/HVACBUSINESS,120
7,field_services,r/Contractor,r/GeneralContractor,120
8,field_services,r/ConstructionManagers,r/Construction,120
9,logistics,r/FreightBrokers,r/Couriers,120
10,logistics,r/OwnerOperators,r/LastMileDelivery,120
11,logistics,r/logistics,r/DeliveryDrivers,120
12,software_heavy,r/msp,r/HealthIT,120
13,software_heavy,r/ITManagers,r/ExecutiveAssistants,120
14,people_operations,r/humanresources,r/ManagementConsulting,120
15,people_operations,r/recruiting,r/CustomerService,120
16,operations,r/Procurement,r/FacilitiesManagement,120
17,manufacturing,r/IndustrialMaintenance,r/IndustrialEngineering,120
18,marketplaces,r/eBaySellerAdvice,r/Ebay,120
19,local_business,r/HandymanBusiness,r/ApplianceRepair,120
20,local_business,r/JunkRemoval,r/CarpetCleaning,120
21,service_business,r/PetGrooming,r/DogTrainingBusiness,120
22,events,r/EventPlanners,r/EventProduction,120
23,b2b_operations,r/CustomerSuccess,r/CustomerService,120
24,b2b_operations,r/RevOps,r/ExecutiveAssistants,120
25,cross_industry,r/smallbusiness,r/AskRetail,120
