subreddit,category,target_group,pilot_item_target,selection_reason,activity_state,access_state
r/AccountingDepartment,Accounting_Tax_Finance,"Buchhalter, Steuerprofis, FP&A, Auditoren, Versicherungs-, Finanzprofis",100,"Profession/business/operator-oriented community with recurring workflows, software/process spend and identifiable buyers.",ACTIVE_VERIFIED_2026-09,NOT_FLAGGED
r/CommercialFishing,Agriculture_OutdoorsBusiness,"Landwirte, Rancher, Forst, Gartenbau, Hydroponik, kommerzielle Outdoor-Berufe",100,"Profession/business/operator-oriented community with recurring workflows, software/process spend and identifiable buyers.",ACTIVE_NICHE_VERIFIED_2026-09,NOT_FLAGGED
r/Autobody,Automotive,"Werkstätten, Mechaniker, Karosserie, Detailer, Fahrzeugtechnik",100,"Profession/business/operator-oriented community with recurring workflows, software/process spend and identifiable buyers.",ACTIVE_VERIFIED_2026-09,NOT_FLAGGED
r/CustomerSuccess,B2B_Operations,Customer-success professionals,100,"Profession/business/operator-oriented community with recurring workflows, software/process spend and identifiable buyers.",ACTIVE_VERIFIED_2026-09,NOT_FLAGGED
r/Barber,Beauty_PersonalServices,"Barber, Friseure, Kosmetik, Nail-Techs, Massage, Trainer, Tattoo/Piercing",100,"Profession/business/operator-oriented community with recurring workflows, software/process spend and identifiable buyers.",ACTIVE_VERIFIED_2026-09,NOT_FLAGGED
r/arborists,Construction_Trades,"Bauunternehmen, Handwerker, Bauleiter, Kalkulatoren, Gebäudetechnik, Facility Management",100,"Profession/business/operator-oriented community with recurring workflows, software/process spend and identifiable buyers.",ACTIVE_VERIFIED_2026-09,NOT_FLAGGED
r/artbusiness,Crafts_Makers_Sellers,"Maker, Künstler, Handarbeits-, Craft-Seller",100,Direct operator/professional/business workflow source with strong recurring process and spending potential.,ACTIVE_VERIFIED_2026-09,NOT_FLAGGED
r/NewsletterOperators,Creator_Freelance_Media,Newsletter operators,100,Direct operator/professional/business workflow source with strong recurring process and spending potential.,ACTIVE_NICHE_VERIFIED_2026-09,NOT_FLAGGED
r/AmazonFBAOnlineRetail,Ecommerce_Marketplaces,"Online-Händler, Marktplatz-Seller, Reseller",100,"Profession/business/operator-oriented community with recurring workflows, software/process spend and identifiable buyers.",ACTIVE_NICHE_VERIFIED_2026-09,NOT_FLAGGED
r/edtech,Education,"Lehrkräfte, Hochschulen, Beratung, Bibliotheken, Early Childhood, Instructional Design",100,Direct operator/professional/business workflow source with strong recurring process and spending potential.,ACTIVE_VERIFIED_2026-09,NOT_FLAGGED
r/DJs,Events_Weddings,"Eventproduktion, DJs, Floristen, Hochzeits-, Veranstaltungsdienstleister",100,"Profession/business/operator-oriented community with recurring workflows, software/process spend and identifiable buyers.",ACTIVE_VERIFIED_2026-09,NOT_FLAGGED
r/loanoriginators,Finance_Professional,Loan originators / mortgage professionals,100,"Profession/business/operator-oriented community with recurring workflows, software/process spend and identifiable buyers.",ACTIVE_VERIFIED_2026-09,NOT_FLAGGED
r/careerguidance,HR_Recruiting_Management,"HR, Recruiter, Manager, Consultants, Projektverantwortliche",100,"Profession/business/operator-oriented community with recurring workflows, software/process spend and identifiable buyers.",ACTIVE_VERIFIED_2026-09,NOT_FLAGGED
r/healthcareIT,Healthcare_Clinical,"Gesundheitsberufe, Praxen, Labore, klinische Fachkräfte",100,Direct operator/professional/business workflow source with strong recurring process and spending potential.,ACTIVE_NICHE_VERIFIED_2026-09,NOT_FLAGGED
r/AirbnbCleaners,Home_LocalServices,Short-term-rental cleaners,100,"Profession/business/operator-oriented community with recurring workflows, software/process spend and identifiable buyers.",ACTIVE_NICHE_VERIFIED_2026-09,NOT_FLAGGED
r/barista,Hospitality_Restaurant,Baristas / coffee professionals,100,"Profession/business/operator-oriented community with recurring workflows, software/process spend and identifiable buyers.",ACTIVE_VERIFIED_2026-09,NOT_FLAGGED
r/atlassian,IT_B2B_Software,"IT-Leiter, MSPs, Admins, Nutzer großer B2B-Software-Ökosysteme",100,"Profession/business/operator-oriented community with recurring workflows, software/process spend and identifiable buyers.",ACTIVE_VERIFIED_2026-09,NOT_FLAGGED
r/ClaimsAdjusters,Insurance,Claims adjusters,100,"Profession/business/operator-oriented community with recurring workflows, software/process spend and identifiable buyers.",ACTIVE_NICHE_VERIFIED_2026-09,NOT_FLAGGED
r/AMLCompliance,Legal_Compliance,AML/KYC/compliance professionals,100,"Profession/business/operator-oriented community with recurring workflows, software/process spend and identifiable buyers.",ACTIVE_VERIFIED_2026-09,NOT_FLAGGED
r/AirTrafficControl,Logistics_Transport,"Logistik, Spedition, Fahrer, Disponenten, Supply Chain, Transportbetriebe",100,"Profession/business/operator-oriented community with recurring workflows, software/process spend and identifiable buyers.",ACTIVE_NICHE_VERIFIED_2026-09,NOT_FLAGGED
r/ChemicalEngineering,Manufacturing_Engineering,"Produktion, Instandhaltung, Ingenieure, CNC/Maschinenbau, Automatisierung",100,"Profession/business/operator-oriented community with recurring workflows, software/process spend and identifiable buyers.",ACTIVE_VERIFIED_2026-09,NOT_FLAGGED
r/ExecutiveAssistants,Office_Operations,Executive assistants,100,"Profession/business/operator-oriented community with recurring workflows, software/process spend and identifiable buyers.",ACTIVE_VERIFIED_2026-09,NOT_FLAGGED
r/DogTrainingBusiness,Pets_AnimalServices,Dog-training business owners,100,"Profession/business/operator-oriented community with recurring workflows, software/process spend and identifiable buyers.",ACTIVE_NICHE_VERIFIED_2026-09,NOT_FLAGGED
r/Accounting,Pro_Services,"Berater, Accounting, Management",100,"Profession/business/operator-oriented community with recurring workflows, software/process spend and identifiable buyers.",ACTIVE_VERIFIED_2026-09,NOT_FLAGGED
r/Procurement,Procurement_SupplyChain,Procurement professionals,100,"Profession/business/operator-oriented community with recurring workflows, software/process spend and identifiable buyers.",ACTIVE_VERIFIED_2026-09,NOT_FLAGGED
