source,category,target_items,health_status,acquisition_eligible,search_requests,requested_items,discovered_urls,unique_urls,duplicates_removed,full_items,partial_items,metadata_only_items,failed_acquisitions,acquisition_success_rate,usable_items,items_after_prefilter,pain_observations,strong_signals,active_solution_searches,quantified_impacts,payment_signals,manual_workaround_signals,diy_internal_tool_signals,processing_cost_usd,unknown_cost_records,latency_ms,pain_per_1000_usable,strong_per_1000_usable,active_per_1000_usable,payment_per_1000_usable,cost_per_strong_signal_usd,research_quality,sample_size_usable
r/Accounting,professional_office,120,UNKNOWN,False,0,0,0,0,0,0,0,0,0,,0,,,,,,,,,,0,,,,,,,UNMEASURED,0
r/Bookkeeping,professional_office,120,UNKNOWN,False,0,0,0,0,0,0,0,0,0,,0,,,,,,,,,,0,,,,,,,UNMEASURED,0
r/restaurantowners,hospitality,120,UNKNOWN,False,0,0,0,0,0,0,0,0,0,,0,,,,,,,,,,0,,,,,,,UNMEASURED,0
r/airbnb_hosts,hospitality,120,UNKNOWN,False,0,0,0,0,0,0,0,0,0,,0,,,,,,,,,,0,,,,,,,UNMEASURED,0
r/PropertyManagement,property,120,UNKNOWN,False,0,0,0,0,0,0,0,0,0,,0,,,,,,,,,,0,,,,,,,UNMEASURED,0
r/HVAC,field_services,120,UNKNOWN,False,0,0,0,0,0,0,0,0,0,,0,,,,,,,,,,0,,,,,,,UNMEASURED,0
r/Contractor,field_services,120,UNKNOWN,False,0,0,0,0,0,0,0,0,0,,0,,,,,,,,,,0,,,,,,,UNMEASURED,0
r/ConstructionManagers,field_services,120,UNKNOWN,False,0,0,0,0,0,0,0,0,0,,0,,,,,,,,,,0,,,,,,,UNMEASURED,0
r/FreightBrokers,logistics,120,UNKNOWN,False,0,0,0,0,0,0,0,0,0,,0,,,,,,,,,,0,,,,,,,UNMEASURED,0
r/OwnerOperators,logistics,120,UNKNOWN,False,0,0,0,0,0,0,0,0,0,,0,,,,,,,,,,0,,,,,,,UNMEASURED,0
r/logistics,logistics,120,UNKNOWN,False,0,0,0,0,0,0,0,0,0,,0,,,,,,,,,,0,,,,,,,UNMEASURED,0
r/msp,software_heavy,120,UNKNOWN,False,0,0,0,0,0,0,0,0,0,,0,,,,,,,,,,0,,,,,,,UNMEASURED,0
r/ITManagers,software_heavy,120,UNKNOWN,False,0,0,0,0,0,0,0,0,0,,0,,,,,,,,,,0,,,,,,,UNMEASURED,0
r/humanresources,people_operations,120,UNKNOWN,False,0,0,0,0,0,0,0,0,0,,0,,,,,,,,,,0,,,,,,,UNMEASURED,0
r/recruiting,people_operations,120,UNKNOWN,False,0,0,0,0,0,0,0,0,0,,0,,,,,,,,,,0,,,,,,,UNMEASURED,0
r/Procurement,operations,120,UNKNOWN,False,0,0,0,0,0,0,0,0,0,,0,,,,,,,,,,0,,,,,,,UNMEASURED,0
r/IndustrialMaintenance,manufacturing,120,UNKNOWN,False,0,0,0,0,0,0,0,0,0,,0,,,,,,,,,,0,,,,,,,UNMEASURED,0
r/eBaySellerAdvice,marketplaces,120,UNKNOWN,False,0,0,0,0,0,0,0,0,0,,0,,,,,,,,,,0,,,,,,,UNMEASURED,0
r/HandymanBusiness,local_business,120,UNKNOWN,False,0,0,0,0,0,0,0,0,0,,0,,,,,,,,,,0,,,,,,,UNMEASURED,0
r/JunkRemoval,local_business,120,UNKNOWN,False,0,0,0,0,0,0,0,0,0,,0,,,,,,,,,,0,,,,,,,UNMEASURED,0
r/PetGrooming,service_business,120,UNKNOWN,False,0,0,0,0,0,0,0,0,0,,0,,,,,,,,,,0,,,,,,,UNMEASURED,0
r/EventPlanners,events,120,UNKNOWN,False,0,0,0,0,0,0,0,0,0,,0,,,,,,,,,,0,,,,,,,UNMEASURED,0
r/CustomerSuccess,b2b_operations,120,UNKNOWN,False,0,0,0,0,0,0,0,0,0,,0,,,,,,,,,,0,,,,,,,UNMEASURED,0
r/RevOps,b2b_operations,120,UNKNOWN,False,0,0,0,0,0,0,0,0,0,,0,,,,,,,,,,0,,,,,,,UNMEASURED,0
r/smallbusiness,cross_industry,120,UNKNOWN,False,0,0,0,0,0,0,0,0,0,,0,,,,,,,,,,0,,,,,,,UNMEASURED,0
