slot,category,source,primary,backup,target_items,health_status,policy_ready,selection_status,acquisition_eligible
1,professional_office,r/Accounting,r/Accounting,r/AccountingDepartment,120,UNKNOWN,false,NEEDS_HEALTH_CHECK,false
2,professional_office,r/Bookkeeping,r/Bookkeeping,r/FPandA,120,UNKNOWN,false,NEEDS_HEALTH_CHECK,false
3,hospitality,r/restaurantowners,r/restaurantowners,r/Chefit,120,UNKNOWN,false,NEEDS_HEALTH_CHECK,false
4,hospitality,r/airbnb_hosts,r/airbnb_hosts,r/KitchenConfidential,120,UNKNOWN,false,NEEDS_HEALTH_CHECK,false
5,property,r/PropertyManagement,r/PropertyManagement,r/HOAManagement,120,UNKNOWN,false,NEEDS_HEALTH_CHECK,false
6,field_services,r/HVAC,r/HVAC,r/HVACBUSINESS,120,UNKNOWN,false,NEEDS_HEALTH_CHECK,false
7,field_services,r/Contractor,r/Contractor,r/GeneralContractor,120,UNKNOWN,false,NEEDS_HEALTH_CHECK,false
8,field_services,r/ConstructionManagers,r/ConstructionManagers,r/Construction,120,UNKNOWN,false,NEEDS_HEALTH_CHECK,false
9,logistics,r/FreightBrokers,r/FreightBrokers,r/Couriers,120,UNKNOWN,false,NEEDS_HEALTH_CHECK,false
10,logistics,r/OwnerOperators,r/OwnerOperators,r/LastMileDelivery,120,UNKNOWN,false,NEEDS_HEALTH_CHECK,false
11,logistics,r/logistics,r/logistics,r/DeliveryDrivers,120,UNKNOWN,false,NEEDS_HEALTH_CHECK,false
12,software_heavy,r/msp,r/msp,r/HealthIT,120,UNKNOWN,false,NEEDS_HEALTH_CHECK,false
13,software_heavy,r/ITManagers,r/ITManagers,r/ExecutiveAssistants,120,UNKNOWN,false,NEEDS_HEALTH_CHECK,false
14,people_operations,r/humanresources,r/humanresources,r/ManagementConsulting,120,UNKNOWN,false,NEEDS_HEALTH_CHECK,false
15,people_operations,r/recruiting,r/recruiting,r/CustomerService,120,UNKNOWN,false,NEEDS_HEALTH_CHECK,false
16,operations,r/Procurement,r/Procurement,r/FacilitiesManagement,120,UNKNOWN,false,NEEDS_HEALTH_CHECK,false
17,manufacturing,r/IndustrialMaintenance,r/IndustrialMaintenance,r/IndustrialEngineering,120,UNKNOWN,false,NEEDS_HEALTH_CHECK,false
18,marketplaces,r/eBaySellerAdvice,r/eBaySellerAdvice,r/Ebay,120,UNKNOWN,false,NEEDS_HEALTH_CHECK,false
19,local_business,r/HandymanBusiness,r/HandymanBusiness,r/ApplianceRepair,120,UNKNOWN,false,NEEDS_HEALTH_CHECK,false
20,local_business,r/JunkRemoval,r/JunkRemoval,r/CarpetCleaning,120,UNKNOWN,false,NEEDS_HEALTH_CHECK,false
21,service_business,r/PetGrooming,r/PetGrooming,r/DogTrainingBusiness,120,UNKNOWN,false,NEEDS_HEALTH_CHECK,false
22,events,r/EventPlanners,r/EventPlanners,r/EventProduction,120,UNKNOWN,false,NEEDS_HEALTH_CHECK,false
23,b2b_operations,r/CustomerSuccess,r/CustomerSuccess,r/CustomerService,120,UNKNOWN,false,NEEDS_HEALTH_CHECK,false
24,b2b_operations,r/RevOps,r/RevOps,r/ExecutiveAssistants,120,UNKNOWN,false,NEEDS_HEALTH_CHECK,false
25,cross_industry,r/smallbusiness,r/smallbusiness,r/AskRetail,120,UNKNOWN,false,NEEDS_HEALTH_CHECK,false
